{
"__comment": "Designed by Husono with BDcraft Cubik PRO 0.93 Beta - http://bdcraft.net",
"textures": {
    "particle": "blocks/cauldron_side",
    "side": "blocks/cauldron_side",
    "top": "blocks/cauldron_top",
    "bottom": "blocks/cauldron_bottom",
    "inner": "blocks/cauldron_inner",
    "water": "blocks/water_still"
},
"elements": [ 
{
    "from": [ 0, 0, 14 ],
    "to": [ 2, 7.5, 16 ],
    "faces": {
        "down":  { "uv": [ 16, 16, 14, 14 ], "texture": "#bottom" },
        "up":    { "uv": [ 0, 7, 2, 9 ], "texture": "#side" },
        "north": { "uv": [ 0, 8.5, 2, 16 ], "texture": "#side" },
        "south": { "uv": [ 0, 8.5, 2, 16 ], "texture": "#side" },
        "west":  { "uv": [ 14, 8.5, 16, 16 ], "texture": "#side" },
        "east":  { "uv": [ 14, 8.5, 16, 16 ], "texture": "#side" }
    }
},
{
    "from": [ 0, 8.5, 15.5 ],
    "to": [ 0.5, 9, 16 ],
    "faces": {
        "up":    { "uv": [ 0, 7, 0.5, 7.5 ], "texture": "#side" },
        "north": { "uv": [ 15.5, 7, 16, 7.5 ], "texture": "#side" },
        "south": { "uv": [ 0, 7, 0.5, 7.5 ], "texture": "#side" },
        "west":  { "uv": [ 15.5, 7, 16, 7.5 ], "texture": "#side" },
        "east":  { "uv": [ 0, 7, 0.5, 7.5 ], "texture": "#side" }
    }
},
{
    "from": [ 0, 0, 0 ],
    "to": [ 2, 7.5, 2 ],
    "faces": {
        "down":  { "uv": [ 16, 2, 14, 0 ], "texture": "#bottom" },
        "up":    { "uv": [ 14, 7, 16, 9 ], "texture": "#side" },
        "north": { "uv": [ 14, 8.5, 16, 16 ], "texture": "#side" },
        "south": { "uv": [ 14, 8.5, 16, 16 ], "texture": "#side" },
        "west":  { "uv": [ 0, 8.5, 2, 16 ], "texture": "#side" },
        "east":  { "uv": [ 0, 8.5, 2, 16 ], "texture": "#side" }
    }
},
{
    "from": [ 0.5, 3, 0.5 ],
    "to": [ 15.5, 4, 15.5 ],
    "faces": {
        "down":  { "uv": [ 15.5, 15.5, 0.5, 0.5 ], "texture": "#inner" },
        "up":    { "uv": [ 0.5, 0.5, 15.5, 15.5 ], "texture": "#inner" },
        "north": { "uv": [ 0.5, 12, 15.5, 13 ], "texture": "#side" },
        "south": { "uv": [ 0.5, 12, 15.5, 13 ], "texture": "#side" },
        "west":  { "uv": [ 0.5, 12, 15.5, 13 ], "texture": "#side" },
        "east":  { "uv": [ 0.5, 12, 15.5, 13 ], "texture": "#side" }
    }
},
{
    "from": [ 0, 8.5, 0 ],
    "to": [ 0.5, 9, 0.5 ],
    "faces": {
        "up":    { "uv": [ 0, 7, 0.5, 7.5 ], "texture": "#side" },
        "north": { "uv": [ 15.5, 7, 16, 7.5 ], "texture": "#side" },
        "south": { "uv": [ 0, 7, 0.5, 7.5 ], "texture": "#side" },
        "west":  { "uv": [ 0, 7, 0.5, 7.5 ], "texture": "#side" },
        "east":  { "uv": [ 15.5, 7, 16, 7.5 ], "texture": "#side" }
    }
},
{
    "from": [ 14, 0, 0 ],
    "to": [ 16, 7.5, 2 ],
    "faces": {
        "down":  { "uv": [ 2, 2, 0, 0 ], "texture": "#bottom" },
        "up":    { "uv": [ 0, 7, 2, 9 ], "texture": "#side" },
        "north": { "uv": [ 0, 8.5, 2, 16 ], "texture": "#side" },
        "south": { "uv": [ 0, 8.5, 2, 16 ], "texture": "#side" },
        "west":  { "uv": [ 14, 8.5, 16, 16 ], "texture": "#side" },
        "east":  { "uv": [ 14, 8.5, 16, 16 ], "texture": "#side" }
    }
},
{
    "from": [ 15.5, 8.5, 0 ],
    "to": [ 16, 9, 0.5 ],
    "faces": {
        "up":    { "uv": [ 15.5, 7, 16, 7.5 ], "texture": "#side" },
        "north": { "uv": [ 0, 7, 0.5, 7.5 ], "texture": "#side" },
        "south": { "uv": [ 15.5, 7, 16, 7.5 ], "texture": "#side" },
        "west":  { "uv": [ 0, 7, 0.5, 7.5 ], "texture": "#side" },
        "east":  { "uv": [ 15.5, 7, 16, 7.5 ], "texture": "#side" }
    }
},
{
    "from": [ 14, 0, 14 ],
    "to": [ 16, 7.5, 16 ],
    "faces": {
        "down":  { "uv": [ 2, 16, 0, 14 ], "texture": "#bottom" },
        "up":    { "uv": [ 14, 7, 16, 9 ], "texture": "#side" },
        "north": { "uv": [ 14, 8.5, 16, 16 ], "texture": "#side" },
        "south": { "uv": [ 14, 8.5, 16, 16 ], "texture": "#side" },
        "west":  { "uv": [ 0, 8.5, 2, 16 ], "texture": "#side" },
        "east":  { "uv": [ 0, 8.5, 2, 16 ], "texture": "#side" }
    }
},
{
    "from": [ 15.5, 8.5, 15.5 ],
    "to": [ 16, 9, 16 ],
    "faces": {
        "up":    { "uv": [ 15.5, 7, 16, 7.5 ], "texture": "#side" },
        "north": { "uv": [ 0, 7, 0.5, 7.5 ], "texture": "#side" },
        "south": { "uv": [ 15.5, 7, 16, 7.5 ], "texture": "#side" },
        "west":  { "uv": [ 15.5, 7, 16, 7.5 ], "texture": "#side" },
        "east":  { "uv": [ 0, 7, 0.5, 7.5 ], "texture": "#side" }
    }
},
{
    "from": [ 0.5, 4, 0.5 ],
    "to": [ 2, 13.5, 15.5 ],
    "faces": {
        "north": { "uv": [ 14, 2.5, 15.5, 12 ], "texture": "#side" },
        "south": { "uv": [ 0.5, 2.5, 2, 12 ], "texture": "#side" },
        "west":  { "uv": [ 0.5, 2.5, 15.5, 12 ], "texture": "#side" },
        "east":  { "uv": [ 0.5, 2.5, 15.5, 12 ], "texture": "#side" }
    }
},
{
    "from": [ 2, 4, 0.5 ],
    "to": [ 14, 13.5, 2 ],
    "faces": {
        "north": { "uv": [ 2, 2.5, 14, 12 ], "texture": "#side" },
        "south": { "uv": [ 2, 2.5, 14, 12 ], "texture": "#side" }
    }
},
{
    "from": [ 14, 4, 0.5 ],
    "to": [ 15.5, 13.5, 15.5 ],
    "faces": {
        "north": { "uv": [ 0.5, 2.5, 2, 12 ], "texture": "#side" },
        "south": { "uv": [ 14, 2.5, 15.5, 12 ], "texture": "#side" },
        "west":  { "uv": [ 0.5, 2.5, 15.5, 12 ], "texture": "#side" },
        "east":  { "uv": [ 0.5, 2.5, 15.5, 12 ], "texture": "#side" }
    }
},
{
    "from": [ 2, 4, 14 ],
    "to": [ 14, 13.5, 15.5 ],
    "faces": {
        "north": { "uv": [ 2, 2.5, 14, 12 ], "texture": "#side" },
        "south": { "uv": [ 2, 2.5, 14, 12 ], "texture": "#side" }
    }
},
{
    "from": [ 0, 13.5, 0 ],
    "to": [ 2, 16, 16 ],
    "faces": {
        "down":  { "uv": [ 16, 16, 14, 0 ], "texture": "#top" },
        "up":    { "uv": [ 0, 0, 2, 16 ], "texture": "#top" },
        "north": { "uv": [ 14, 0, 16, 2.5 ], "texture": "#side" },
        "south": { "uv": [ 0, 0, 2, 2.5 ], "texture": "#side" },
        "west":  { "uv": [ 0, 0, 16, 2.5 ], "texture": "#side" },
        "east":  { "uv": [ 0, 0, 16, 2.5 ], "texture": "#side" }
    }
},
{
    "from": [ 2, 13.5, 0 ],
    "to": [ 14, 16, 2 ],
    "faces": {
        "down":  { "uv": [ 14, 2, 2, 0 ], "texture": "#top" },
        "up":    { "uv": [ 2, 0, 14, 2 ], "texture": "#top" },
        "north": { "uv": [ 2, 0, 14, 2.5 ], "texture": "#side" },
        "south": { "uv": [ 2, 0, 14, 2.5 ], "texture": "#side" }
    }
},
{
    "from": [ 14, 13.5, 0 ],
    "to": [ 16, 16, 16 ],
    "faces": {
        "down":  { "uv": [ 2, 16, 0, 0 ], "texture": "#top" },
        "up":    { "uv": [ 14, 0, 16, 16 ], "texture": "#top" },
        "north": { "uv": [ 0, 0, 2, 2.5 ], "texture": "#side" },
        "south": { "uv": [ 14, 0, 16, 2.5 ], "texture": "#side" },
        "west":  { "uv": [ 0, 0, 16, 2.5 ], "texture": "#side" },
        "east":  { "uv": [ 0, 0, 16, 2.5 ], "texture": "#side" }
    }
},
{
    "from": [ 2, 13.5, 14 ],
    "to": [ 14, 16, 16 ],
    "faces": {
        "down":  { "uv": [ 14, 16, 2, 14 ], "texture": "#top" },
        "up":    { "uv": [ 2, 14, 14, 16 ], "texture": "#top" },
        "north": { "uv": [ 2, 0, 14, 2.5 ], "texture": "#side" },
        "south": { "uv": [ 2, 0, 14, 2.5 ], "texture": "#side" }
    }
},
{
    "from": [ 15, 8, 0 ],
    "to": [ 16, 8.5, 1 ],
    "faces": {
        "up":    { "uv": [ 0, 7, 1, 8 ], "texture": "#side" },
        "north": { "uv": [ 0, 7.5, 1, 8 ], "texture": "#side" },
        "south": { "uv": [ 0, 7.5, 1, 8 ], "texture": "#side" },
        "west":  { "uv": [ 15, 7.5, 16, 8 ], "texture": "#side" },
        "east":  { "uv": [ 15, 7.5, 16, 8 ], "texture": "#side" }
    }
},
{
    "from": [ 14.5, 7.5, 0 ],
    "to": [ 16, 8, 1.5 ],
    "faces": {
        "up":    { "uv": [ 0, 7, 1.5, 8.5 ], "texture": "#side" },
        "north": { "uv": [ 0, 8, 1.5, 8.5 ], "texture": "#side" },
        "south": { "uv": [ 0, 8, 1.5, 8.5 ], "texture": "#side" },
        "west":  { "uv": [ 14.5, 8, 16, 8.5 ], "texture": "#side" },
        "east":  { "uv": [ 14.5, 8, 16, 8.5 ], "texture": "#side" }
    }
},
{
    "from": [ 15, 8, 15 ],
    "to": [ 16, 8.5, 16 ],
    "faces": {
        "up":    { "uv": [ 15, 7, 16, 8 ], "texture": "#side" },
        "north": { "uv": [ 15, 7.5, 16, 8 ], "texture": "#side" },
        "south": { "uv": [ 15, 7.5, 16, 8 ], "texture": "#side" },
        "west":  { "uv": [ 0, 7.5, 1, 8 ], "texture": "#side" },
        "east":  { "uv": [ 0, 7.5, 1, 8 ], "texture": "#side" }
    }
},
{
    "from": [ 14.5, 7.5, 14.5 ],
    "to": [ 16, 8, 16 ],
    "faces": {
        "up":    { "uv": [ 14.5, 7, 16, 8.5 ], "texture": "#side" },
        "north": { "uv": [ 14.5, 8, 16, 8.5 ], "texture": "#side" },
        "south": { "uv": [ 14.5, 8, 16, 8.5 ], "texture": "#side" },
        "west":  { "uv": [ 0, 8, 1.5, 8.5 ], "texture": "#side" },
        "east":  { "uv": [ 0, 8, 1.5, 8.5 ], "texture": "#side" }
    }
},
{
    "from": [ 0, 8, 0 ],
    "to": [ 1, 8.5, 1 ],
    "faces": {
        "up":    { "uv": [ 15, 7, 16, 8 ], "texture": "#side" },
        "north": { "uv": [ 15, 7.5, 16, 8 ], "texture": "#side" },
        "south": { "uv": [ 15, 7.5, 16, 8 ], "texture": "#side" },
        "west":  { "uv": [ 0, 7.5, 1, 8 ], "texture": "#side" },
        "east":  { "uv": [ 0, 7.5, 1, 8 ], "texture": "#side" }
    }
},
{
    "from": [ 0, 7.5, 0 ],
    "to": [ 1.5, 8, 1.5 ],
    "faces": {
        "up":    { "uv": [ 14.5, 7, 16, 8.5 ], "texture": "#side" },
        "north": { "uv": [ 14.5, 8, 16, 8.5 ], "texture": "#side" },
        "south": { "uv": [ 14.5, 8, 16, 8.5 ], "texture": "#side" },
        "west":  { "uv": [ 0, 8, 1.5, 8.5 ], "texture": "#side" },
        "east":  { "uv": [ 0, 8, 1.5, 8.5 ], "texture": "#side" }
    }
},
{
    "from": [ 0, 8, 15 ],
    "to": [ 1, 8.5, 16 ],
    "faces": {
        "up":    { "uv": [ 0, 7, 1, 8 ], "texture": "#side" },
        "north": { "uv": [ 0, 7.5, 1, 8 ], "texture": "#side" },
        "south": { "uv": [ 0, 7.5, 1, 8 ], "texture": "#side" },
        "west":  { "uv": [ 15, 7.5, 16, 8 ], "texture": "#side" },
        "east":  { "uv": [ 15, 7.5, 16, 8 ], "texture": "#side" }
    }
},
{
    "from": [ 0, 7.5, 14.5 ],
    "to": [ 1.5, 8, 16 ],
    "faces": {
        "up":    { "uv": [ 0, 7, 1.5, 8.5 ], "texture": "#side" },
        "north": { "uv": [ 0, 8, 1.5, 8.5 ], "texture": "#side" },
        "south": { "uv": [ 0, 8, 1.5, 8.5 ], "texture": "#side" },
        "west":  { "uv": [ 14.5, 8, 16, 8.5 ], "texture": "#side" },
        "east":  { "uv": [ 14.5, 8, 16, 8.5 ], "texture": "#side" }
    }
}
],
"display": {
    "thirdperson": {
        "rotation": [ 10, -45, 170 ],
        "translation": [ 0, 1.5, -2.75 ],
        "scale": [ 0.375, 0.375, 0.375 ]
    },
    "ground": {
        "rotation": [ 0, 0, 0 ],
        "translation": [ 0, 0, 0 ],
        "scale": [ 1, 1, 1 ]
    },
    "fixed": {
        "rotation": [ 0, 0, 0 ],
        "translation": [ 0, 0, 0 ],
        "scale": [ 1, 1, 1 ]
    },
    "firstperson": {
        "rotation": [ 0, 0, 0 ],
        "translation": [ 0, 0, 0 ],
        "scale": [ 1, 1, 1 ]
    },
    "gui": {
        "rotation": [ 0, 0, 0 ],
        "translation": [ 0, 0, 0 ],
        "scale": [ 1, 1, 1 ]
    }
}
}