{
"__comment": "Designed by Husono with BDcraft Cubik PRO 0.93 Beta - http://bdcraft.net",
"textures": {
    "particle": "blocks/nether_brick_fence_inventory",
    "texture": "blocks/nether_brick_fence_inventory"
},
"elements": [ 
{
    "from": [ 6, 0, 0 ],
    "to": [ 10, 16, 4 ],
    "faces": {
        "down":  { "uv": [ 16, 4, 12, 0 ], "texture": "#texture" },
        "up":    { "uv": [ 12, 0, 16, 4 ], "texture": "#texture" },
        "north": { "uv": [ 0, 0, 4, 16 ], "texture": "#texture" },
        "south": { "uv": [ 0, 0, 4, 16 ], "texture": "#texture" },
        "west":  { "uv": [ 0, 0, 4, 16 ], "texture": "#texture" },
        "east":  { "uv": [ 0, 0, 4, 16 ], "texture": "#texture" }
    }
},
{
    "from": [ 6, 0, 12 ],
    "to": [ 10, 16, 16 ],
    "faces": {
        "down":  { "uv": [ 16, 4, 12, 0 ], "texture": "#texture" },
        "up":    { "uv": [ 12, 0, 16, 4 ], "texture": "#texture" },
        "north": { "uv": [ 0, 0, 4, 16 ], "texture": "#texture" },
        "south": { "uv": [ 0, 0, 4, 16 ], "texture": "#texture" },
        "west":  { "uv": [ 0, 0, 4, 16 ], "texture": "#texture" },
        "east":  { "uv": [ 0, 0, 4, 16 ], "texture": "#texture" }
    }
},
{
    "from": [ 7, 13, 4 ],
    "to": [ 9, 15, 12 ],
    "faces": {
        "down":  { "uv": [ 16, 12, 14, 4 ], "texture": "#texture" },
        "up":    { "uv": [ 14, 4, 16, 12 ], "texture": "#texture" },
        "west":  { "uv": [ 4, 0, 12, 2 ], "texture": "#texture" },
        "east":  { "uv": [ 4, 0, 12, 2 ], "texture": "#texture" }
    }
},
{
    "from": [ 7, 5, 4 ],
    "to": [ 9, 7, 12 ],
    "faces": {
        "down":  { "uv": [ 16, 12, 14, 4 ], "texture": "#texture" },
        "up":    { "uv": [ 14, 4, 16, 12 ], "texture": "#texture" },
        "west":  { "uv": [ 4, 0, 12, 2 ], "texture": "#texture" },
        "east":  { "uv": [ 4, 0, 12, 2 ], "texture": "#texture" }
    }
},
{
    "from": [ 7, 5, 16 ],
    "to": [ 9, 7, 17.5 ],
    "faces": {
        "down":  { "uv": [ 16, 6.5, 14, 5 ], "texture": "#texture" },
        "up":    { "uv": [ 14, 5, 16, 6.5 ], "texture": "#texture" },
        "south": { "uv": [ 12, 4, 14, 6 ], "texture": "#texture" },
        "west":  { "uv": [ 5, 0, 6.5, 2 ], "texture": "#texture" },
        "east":  { "uv": [ 9.5, 0, 11, 2 ], "texture": "#texture" }
    }
},
{
    "from": [ 7, 13, 16 ],
    "to": [ 9, 15, 17.5 ],
    "faces": {
        "down":  { "uv": [ 16, 6.5, 14, 5 ], "texture": "#texture" },
        "up":    { "uv": [ 14, 5, 16, 6.5 ], "texture": "#texture" },
        "south": { "uv": [ 12, 4, 14, 6 ], "texture": "#texture" },
        "west":  { "uv": [ 5, 0, 6.5, 2 ], "texture": "#texture" },
        "east":  { "uv": [ 9.5, 0, 11, 2 ], "texture": "#texture" }
    }
},
{
    "from": [ 7, 5, -1.5 ],
    "to": [ 9, 7, 0 ],
    "faces": {
        "down":  { "uv": [ 16, 10.5, 14, 9 ], "texture": "#texture" },
        "up":    { "uv": [ 14, 9, 16, 10.5 ], "texture": "#texture" },
        "north": { "uv": [ 12, 4, 14, 6 ], "texture": "#texture" },
        "west":  { "uv": [ 9.5, 0, 11, 2 ], "texture": "#texture" },
        "east":  { "uv": [ 5, 0, 6.5, 2 ], "texture": "#texture" }
    }
},
{
    "from": [ 7, 13, -1.5 ],
    "to": [ 9, 15, 0 ],
    "faces": {
        "down":  { "uv": [ 16, 10.5, 14, 9 ], "texture": "#texture" },
        "up":    { "uv": [ 14, 9, 16, 10.5 ], "texture": "#texture" },
        "north": { "uv": [ 12, 4, 14, 6 ], "texture": "#texture" },
        "west":  { "uv": [ 9.5, 0, 11, 2 ], "texture": "#texture" },
        "east":  { "uv": [ 5, 0, 6.5, 2 ], "texture": "#texture" }
    }
}
],
"display": {
    "head": {
        "rotation": [ 0, 90, 0 ],
        "translation": [ 0, 0, 0 ],
        "scale": [ 1, 1, 1 ]
    },
    "fixed": {
        "rotation": [ 0, -90, 0 ],
        "translation": [ 0, 0, 0 ],
        "scale": [ 1, 1, 1 ]
    }
}
}