{
"__comment": "Designed by Husono with BDcraft Cubik PRO 0.93 Beta - http://bdcraft.net",
"textures": {
    "particle": "blocks/nether_fence_side",
    "top": "blocks/nether_fence_top",
    "side": "blocks/nether_fence_side"
},
"elements": [ 
{
    "from": [ 6, 0, 6 ],
    "to": [ 10, 16, 10 ],
    "faces": {
        "down":  { "uv": [ 10, 10, 6, 6 ], "texture": "#top" },
        "up":    { "uv": [ 6, 6, 10, 10 ], "texture": "#top" },
        "north": { "uv": [ 6, 0, 10, 16 ], "texture": "#side" },
        "south": { "uv": [ 6, 0, 10, 16 ], "texture": "#side" },
        "west":  { "uv": [ 6, 0, 10, 16 ], "texture": "#side" },
        "east":  { "uv": [ 6, 0, 10, 16 ], "texture": "#side" }
    }
},
{
    "from": [ 7, 6, 0 ],
    "to": [ 9, 9, 6 ],
    "faces": {
        "down":  { "uv": [ 9, 6, 7, 0 ], "texture": "#top" },
        "up":    { "uv": [ 7, 0, 9, 6 ], "texture": "#top" },
        "north": { "uv": [ 0, 10, 2, 13 ], "texture": "#side" },
        "west":  { "uv": [ 0, 7, 6, 10 ], "texture": "#side" },
        "east":  { "uv": [ 10, 7, 16, 10 ], "texture": "#side" }
    }
},
{
    "from": [ 7, 12, 0 ],
    "to": [ 9, 15, 6 ],
    "faces": {
        "down":  { "uv": [ 9, 6, 7, 0 ], "texture": "#top" },
        "up":    { "uv": [ 7, 0, 9, 6 ], "texture": "#top" },
        "north": { "uv": [ 0, 10, 2, 13 ], "texture": "#side" },
        "west":  { "uv": [ 0, 1, 6, 4 ], "texture": "#side" },
        "east":  { "uv": [ 10, 1, 16, 4 ], "texture": "#side" }
    }
},
{
    "from": [ 7, 6, 10 ],
    "to": [ 9, 9, 16 ],
    "faces": {
        "down":  { "uv": [ 9, 16, 7, 10 ], "texture": "#top" },
        "up":    { "uv": [ 7, 10, 9, 16 ], "texture": "#top" },
        "south": { "uv": [ 0, 10, 2, 13 ], "texture": "#side" },
        "west":  { "uv": [ 10, 7, 16, 10 ], "texture": "#side" },
        "east":  { "uv": [ 0, 7, 6, 10 ], "texture": "#side" }
    }
},
{
    "from": [ 7, 12, 10 ],
    "to": [ 9, 15, 16 ],
    "faces": {
        "down":  { "uv": [ 9, 16, 7, 10 ], "texture": "#top" },
        "up":    { "uv": [ 7, 10, 9, 16 ], "texture": "#top" },
        "south": { "uv": [ 0, 10, 2, 13 ], "texture": "#side" },
        "west":  { "uv": [ 10, 1, 16, 4 ], "texture": "#side" },
        "east":  { "uv": [ 0, 1, 6, 4 ], "texture": "#side" }
    }
},
{
    "from": [ 10, 6, 7 ],
    "to": [ 16, 9, 9 ],
    "faces": {
        "down":  { "uv": [ 6, 9, 0, 7 ], "texture": "#top" },
        "up":    { "uv": [ 10, 7, 16, 9 ], "texture": "#top" },
        "north": { "uv": [ 0, 7, 6, 10 ], "texture": "#side" },
        "south": { "uv": [ 10, 7, 16, 10 ], "texture": "#side" },
        "east":  { "uv": [ 0, 10, 2, 13 ], "texture": "#side" }
    }
},
{
    "from": [ 10, 12, 7 ],
    "to": [ 16, 15, 9 ],
    "faces": {
        "down":  { "uv": [ 6, 9, 0, 7 ], "texture": "#top" },
        "up":    { "uv": [ 10, 7, 16, 9 ], "texture": "#top" },
        "north": { "uv": [ 0, 1, 6, 4 ], "texture": "#side" },
        "south": { "uv": [ 10, 1, 16, 4 ], "texture": "#side" },
        "east":  { "uv": [ 0, 10, 2, 13 ], "texture": "#side" }
    }
}
]
}