{
"__comment": "Designed by Husono with BDcraft Cubik PRO 0.93 Beta - http://bdcraft.net",
"textures": {
    "particle": "blocks/wooden_button",
    "texture": "blocks/wooden_button"
},
"elements": [ 
{
    "from": [ 5, 0, 6 ],
    "to": [ 11, 2, 10 ],
    "faces": {
        "down":  { "uv": [ 11, 10, 5, 6 ], "texture": "#texture" },
        "up":    { "uv": [ 5, 6, 11, 10 ], "texture": "#texture" },
        "north": { "uv": [ 5, 14, 11, 16 ], "texture": "#texture" },
        "south": { "uv": [ 5, 14, 11, 16 ], "texture": "#texture" },
        "west":  { "uv": [ 5, 14, 9, 16 ], "texture": "#texture" },
        "east":  { "uv": [ 7, 14, 11, 16 ], "texture": "#texture" }
    }
}
],
"display": {
    "fixed": {
        "rotation": [ -90, 0, 0 ],
        "translation": [ 0, 0, -4 ],
        "scale": [ 1, 1, 1 ]
    },
    "firstperson": {
        "rotation": [ 0, 0, 0 ],
        "translation": [ 0, 4, 0 ],
        "scale": [ 1, 1, 1 ]
    },
    "gui": {
        "rotation": [ 0, 0, 0 ],
        "translation": [ 0, 3.5, 0 ],
        "scale": [ 1, 1, 1 ]
    }
}
}